<?xml version="1.0"?>
<p:Collections xmlns="http://www.w3.org/2000/svg"
	xmlns:xul="http://www.mozilla.org/keymaster/gatekeeper/there.is.only.xul"
	xmlns:html="http://www.w3.org/1999/xhtml"
	xmlns:svg="http://www.w3.org/2000/svg"
	xmlns:xlink="http://www.w3.org/1999/xlink"
	xmlns:p="http://www.evolus.vn/Namespace/Pencil">
<p:Collection p:Id="siteweb_bde_1547823515360" p:Name="SiteWeb BDE" p:Description=" SiteWeb BDE" p:Author="kiki" p:InfoUrl="cesi bde">
<p:Groups>
	<p:Group p:Id="navbar_1547823544547" p:Name="navbar" p:Icon="data:image/png;base64,iVBORw0KGgoAAAANSUhEUgAAAEQAAAAGCAYAAAB6gzjVAAAAFUlEQVQ4jWNgGAWjYBSMglEwCmgFAAZmAAHP9283AAAAAElFTkSuQmCC">
		<p:Content>
			<g xmlns="http://www.w3.org/2000/svg" xmlns:p="http://www.evolus.vn/Namespace/Pencil" p:type="Group" transform="translate(-5,162)" id="eccf5746e3d3483bada2824270c8965b" p:sizing-gow="1596" p:sizing-goh="62"><g xmlns="http://www.w3.org/2000/svg" p:type="Shape" p:def="Evolus.Common:RoundedRect" id="459e9b2bb4c045c98047180d12916fc3" transform="matrix(1,0,0,1,-1,-1)" p:sizing-ox="0" p:sizing-oy="0" p:sizing-ow="1598" p:sizing-oh="64"><p:metadata><p:property name="box"><![CDATA[1598,64]]></p:property><p:property name="withBlur"><![CDATA[false]]></p:property><p:property name="radius"><![CDATA[0,0]]></p:property><p:property name="textPadding"><![CDATA[0,8]]></p:property><p:property name="fillColor"><![CDATA[#2F2BFFFF]]></p:property><p:property name="strokeColor"><![CDATA[#1B3280FF]]></p:property><p:property name="strokeStyle"><![CDATA[2|]]></p:property><p:property name="textContent"><![CDATA[
                ]]></p:property><p:property name="textFont"><![CDATA["Liberation Sans",Arial,sans-serif|normal|normal|13px|none]]></p:property><p:property name="textColor"><![CDATA[#000000FF]]></p:property><p:property name="textAlign"><![CDATA[1,1]]></p:property></p:metadata>

            <defs>
                <rect width="1596" height="62" rx="0" ry="0" x="0" y="0" style="stroke-width: 2; fill: rgb(47, 43, 255); fill-opacity: 1; stroke: rgb(27, 50, 128); stroke-opacity: 1;" p:name="rrRect" id="c0b62475cbc44e76b083537d7cb9753c" transform="translate(1,1)"/>
                <filter height="1.2558399" y="-0.12792" width="1.06396" x="-0.03198" p:name="shadingFilter" id="c987d91fcb554c508f385f95e7f69d60">
                    <feGaussianBlur stdDeviation="1" in="SourceAlpha"/>
                </filter>
            </defs>
            <use xmlns:xlink="http://www.w3.org/1999/xlink" xlink:href="#c0b62475cbc44e76b083537d7cb9753c" transform="translate(2, 2)" p:filter="url(#c987d91fcb554c508f385f95e7f69d60)" style="opacity: 0.5; visibility: hidden; display: none;" p:heavy="true" p:name="bgCopy" id="9f44a5f3450a4de48bc6f237bd546181"/>
            <use xmlns:xlink="http://www.w3.org/1999/xlink" xlink:href="#c0b62475cbc44e76b083537d7cb9753c"/>
            <foreignObject x="8" y="32" width="1582" height="0" p:name="text" id="5bcb52183861483ebbeab6b19cf8f794" style="font-family: &quot;Liberation Sans&quot;, Arial, sans-serif; font-size: 13px; font-weight: normal; font-style: normal; text-decoration: none; fill: rgb(0, 0, 0); fill-opacity: 1; color: rgb(0, 0, 0); text-align: center;"><div xmlns="http://www.w3.org/1999/xhtml">
                </div></foreignObject>
        </g><g p:type="Shape" p:def="Evolus.Common:RichTextBoxV2" id="b9f0e52f657b4772a03c97081a175d2f" transform="matrix(1,0,0,1,511,11)" p:sizing-ox="511" p:sizing-oy="11" p:sizing-ow="109" p:sizing-oh="40"><p:metadata><p:property name="width"><![CDATA[200,0]]></p:property><p:property name="fixedWidth"><![CDATA[false]]></p:property><p:property name="textContent"><![CDATA[<span xmlns="http://www.w3.org/1999/xhtml" style="color: rgb(255, 255, 255); font-weight: bold; font-family: &quot;Gill Sans MT Condensed&quot;; font-size: 2.2em;">Boite à Idée</span>]]></p:property><p:property name="textFont"><![CDATA["Liberation Sans",Arial,sans-serif|normal|normal|13px|none]]></p:property><p:property name="textColor"><![CDATA[#000000FF]]></p:property><p:property name="customStyle"><![CDATA[
                ]]></p:property></p:metadata>

            <foreignObject x="0" y="0" width="109" height="40" p:name="htmlObject" id="b4d9d38861524cd1ba6e4070ee4d5cf9" style="color: rgb(0, 0, 0); font-family: &quot;Liberation Sans&quot;, Arial, sans-serif; font-size: 13px; font-weight: normal; font-style: normal; text-decoration: none;">
                <div xmlns="http://www.w3.org/1999/xhtml" p:name="textDiv" id="9f8cf39dbec94732866e8654501ef8f4" style="display: inline-block; white-space: nowrap; text-decoration: none;"><div xmlns="http://www.w3.org/1999/xhtml"><span xmlns="http://www.w3.org/1999/xhtml" style="color: rgb(255, 255, 255); font-weight: bold; font-family: &quot;Gill Sans MT Condensed&quot;; font-size: 2.2em;">Boite à Idée</span></div></div>
            </foreignObject>
        </g><g p:type="Shape" p:def="Evolus.Common:RichTextBoxV2" id="3de6ccd08ed640b6bc15226fa3969616" transform="matrix(1,0,0,1,363,11)" p:sizing-ox="363" p:sizing-oy="11" p:sizing-ow="95" p:sizing-oh="40"><p:metadata><p:property name="width"><![CDATA[200,0]]></p:property><p:property name="fixedWidth"><![CDATA[false]]></p:property><p:property name="textContent"><![CDATA[<span xmlns="http://www.w3.org/1999/xhtml" style="color: rgb(255, 255, 255); font-weight: bold; font-family: &quot;Gill Sans MT Condensed&quot;; font-size: 2.2em;">Association</span>]]></p:property><p:property name="textFont"><![CDATA["Liberation Sans",Arial,sans-serif|normal|normal|13px|none]]></p:property><p:property name="textColor"><![CDATA[#000000FF]]></p:property><p:property name="customStyle"><![CDATA[
                ]]></p:property></p:metadata>

            <foreignObject x="0" y="0" width="95" height="40" p:name="htmlObject" id="c659e6cfb6bc4ad58a3d9b65d1f510ef" style="color: rgb(0, 0, 0); font-family: &quot;Liberation Sans&quot;, Arial, sans-serif; font-size: 13px; font-weight: normal; font-style: normal; text-decoration: none;">
                <div xmlns="http://www.w3.org/1999/xhtml" p:name="textDiv" id="d2f58b73a5494025b2f2b905a2adfc09" style="display: inline-block; white-space: nowrap; text-decoration: none;"><div xmlns="http://www.w3.org/1999/xhtml"><span xmlns="http://www.w3.org/1999/xhtml" style="color: rgb(255, 255, 255); font-weight: bold; font-family: &quot;Gill Sans MT Condensed&quot;; font-size: 2.2em;">Association</span></div></div>
            </foreignObject>
        </g><g p:type="Shape" p:def="Evolus.Common:RichTextBoxV2" id="20107a5de972480d9e89573342e5d13f" transform="matrix(1,0,0,1,258,11)" p:sizing-ox="258" p:sizing-oy="11" p:sizing-ow="43" p:sizing-oh="40"><p:metadata><p:property name="width"><![CDATA[200,0]]></p:property><p:property name="fixedWidth"><![CDATA[false]]></p:property><p:property name="textContent"><![CDATA[<span xmlns="http://www.w3.org/1999/xhtml" style="color: rgb(255, 255, 255); font-weight: bold; font-family: &quot;Gill Sans MT Condensed&quot;; font-size: 2.2em;">Store</span>]]></p:property><p:property name="textFont"><![CDATA["Liberation Sans",Arial,sans-serif|normal|normal|13px|none]]></p:property><p:property name="textColor"><![CDATA[#000000FF]]></p:property><p:property name="customStyle"><![CDATA[
                ]]></p:property></p:metadata>

            <foreignObject x="0" y="0" width="43" height="40" p:name="htmlObject" id="46c5b4b7a3974f71b1532f9476612d8b" style="color: rgb(0, 0, 0); font-family: &quot;Liberation Sans&quot;, Arial, sans-serif; font-size: 13px; font-weight: normal; font-style: normal; text-decoration: none;">
                <div xmlns="http://www.w3.org/1999/xhtml" p:name="textDiv" id="53091bcec8954563a05893e8f15ce6cf" style="display: inline-block; white-space: nowrap; text-decoration: none;"><div xmlns="http://www.w3.org/1999/xhtml"><span xmlns="http://www.w3.org/1999/xhtml" style="color: rgb(255, 255, 255); font-weight: bold; font-family: &quot;Gill Sans MT Condensed&quot;; font-size: 2.2em;">Store</span></div></div>
            </foreignObject>
        </g><g xmlns="http://www.w3.org/2000/svg" xmlns:p="http://www.evolus.vn/Namespace/Pencil" p:type="Shape" p:def="Evolus.Common:RichTextBoxV2" id="b917cd5bc8f64f999be82e69af975197" transform="matrix(1,0,0,1,139,11)" p:sizing-ox="139" p:sizing-oy="11" p:sizing-ow="48" p:sizing-oh="40"><p:metadata><p:property name="width"><![CDATA[200,0]]></p:property><p:property name="fixedWidth"><![CDATA[false]]></p:property><p:property name="textContent"><![CDATA[<span xmlns="http://www.w3.org/1999/xhtml" style="color: rgb(255, 255, 255); font-weight: bold; font-family: &quot;Gill Sans MT Condensed&quot;; font-size: 2.2em;">Home</span>]]></p:property><p:property name="textFont"><![CDATA["Liberation Sans",Arial,sans-serif|normal|normal|13px|none]]></p:property><p:property name="textColor"><![CDATA[#000000FF]]></p:property><p:property name="customStyle"><![CDATA[
                ]]></p:property></p:metadata>

            <foreignObject x="0" y="0" width="48" height="40" p:name="htmlObject" id="122c72aea68b44a6a63fe0ede91afb04" style="color: rgb(0, 0, 0); font-family: &quot;Liberation Sans&quot;, Arial, sans-serif; font-size: 13px; font-weight: normal; font-style: normal; text-decoration: none;">
                <div xmlns="http://www.w3.org/1999/xhtml" p:name="textDiv" id="7857a53304f54c48bb8991170a962e8f" style="display: inline-block; white-space: nowrap; text-decoration: none;"><div xmlns="http://www.w3.org/1999/xhtml"><span xmlns="http://www.w3.org/1999/xhtml" style="color: rgb(255, 255, 255); font-weight: bold; font-family: &quot;Gill Sans MT Condensed&quot;; font-size: 2.2em;">Home</span></div></div>
            </foreignObject>
        </g></g>
		</p:Content>
	</p:Group>
<p:Group p:Id="connexion_1547823553763" p:Name="connexion" p:Icon="data:image/png;base64,iVBORw0KGgoAAAANSUhEUgAAAEQAAAAGCAYAAAB6gzjVAAAAFUlEQVQ4jWNgGAWjYBSMglEwCmgFAAZmAAHP9283AAAAAElFTkSuQmCC">
		<p:Content>
			<g xmlns="http://www.w3.org/2000/svg" xmlns:p="http://www.evolus.vn/Namespace/Pencil" p:type="Group" transform="matrix(1,0,0,1,-6,71)" id="39162155b9a345c9801a8db429dd93a8" p:sizing-gow="1596" p:sizing-goh="51"><g xmlns="http://www.w3.org/2000/svg" p:type="Shape" p:def="Evolus.Common:RoundedRect" id="834f1f8cf96f4173831367ce87cf0370" transform="matrix(1,0,0,1,-1,-1)" p:sizing-ox="0" p:sizing-oy="0" p:sizing-ow="1598" p:sizing-oh="53"><p:metadata><p:property name="box"><![CDATA[1598,53]]></p:property><p:property name="withBlur"><![CDATA[false]]></p:property><p:property name="radius"><![CDATA[0,0]]></p:property><p:property name="textPadding"><![CDATA[0,6.625]]></p:property><p:property name="fillColor"><![CDATA[#3C2EFFFF]]></p:property><p:property name="strokeColor"><![CDATA[#1B3280FF]]></p:property><p:property name="strokeStyle"><![CDATA[2|]]></p:property><p:property name="textContent"><![CDATA[
                ]]></p:property><p:property name="textFont"><![CDATA["Liberation Sans",Arial,sans-serif|normal|normal|13px|none]]></p:property><p:property name="textColor"><![CDATA[#000000FF]]></p:property><p:property name="textAlign"><![CDATA[1,1]]></p:property></p:metadata>

            <defs>
                <rect width="1596" height="51" rx="0" ry="0" x="0" y="0" style="stroke-width: 2; fill: rgb(60, 46, 255); fill-opacity: 1; stroke: rgb(27, 50, 128); stroke-opacity: 1;" p:name="rrRect" id="b0b377297cba445b88ff093ae1e1eaba" transform="translate(1,1)"/>
                <filter height="1.2558399" y="-0.12792" width="1.06396" x="-0.03198" p:name="shadingFilter" id="569f8b4318554205ba05340fc94ddcf1">
                    <feGaussianBlur stdDeviation="1" in="SourceAlpha"/>
                </filter>
            </defs>
            <use xmlns:xlink="http://www.w3.org/1999/xlink" xlink:href="#b0b377297cba445b88ff093ae1e1eaba" transform="translate(2, 2)" p:filter="url(#569f8b4318554205ba05340fc94ddcf1)" style="opacity: 0.5; visibility: hidden; display: none;" p:heavy="true" p:name="bgCopy" id="a8303c883edd4488aacfa72d65ba6cd4"/>
            <use xmlns:xlink="http://www.w3.org/1999/xlink" xlink:href="#b0b377297cba445b88ff093ae1e1eaba"/>
            <foreignObject x="6.625" y="27" width="1584.75" height="0" p:name="text" id="686458153aad4cb9a33b641597b4bb6c" style="font-family: &quot;Liberation Sans&quot;, Arial, sans-serif; font-size: 13px; font-weight: normal; font-style: normal; text-decoration: none; fill: rgb(0, 0, 0); fill-opacity: 1; color: rgb(0, 0, 0); text-align: center;"><div xmlns="http://www.w3.org/1999/xhtml">
                </div></foreignObject>
        </g><g p:type="Shape" p:def="Evolus.GTK.Widgets:TextBox" id="1ecf87333ca442e796542c5c3d6f298b" transform="matrix(1,0,0,1,1059,15)" p:sizing-ox="1059.5" p:sizing-oy="15.390625" p:sizing-ow="154" p:sizing-oh="21"><p:metadata><p:property name="box"><![CDATA[154,21]]></p:property><p:property name="disabled"><![CDATA[false]]></p:property><p:property name="text"><![CDATA[Nom d'utilisateur]]></p:property><p:property name="textColor"><![CDATA[#000000FF]]></p:property><p:property name="textFont"><![CDATA[Gill Sans MT Condensed|normal|normal|17px|none]]></p:property><p:property name="textAlign"><![CDATA[0,1]]></p:property></p:metadata>
              <defs p:name="defs2659" id="b478e873d47a45bda1e6317e95baa933">
                <linearGradient p:name="linearGradient31435" id="dbefedfaf45743e0b081be027d359ae0">
                  <stop style="stop-color:#bab4a7;stop-opacity:1" offset="0" p:name="stop31437" id="b50bfd5437c6489ea81d44d534373ffd"/>
                  <stop style="stop-color:#bab4a8;stop-opacity:1" offset="0.30131003" p:name="stop31439" id="25caadab5d6845e281d82688ff69211b"/>
                  <stop style="stop-color:#d6cec0;stop-opacity:1" offset="1" p:name="stop31441" id="985900d5cb894ec28792ea5f8e91c4f4"/>
                </linearGradient>
                <linearGradient x1="503" y1="106" x2="503" y2="86" xmlns:xlink="http://www.w3.org/1999/xlink" xlink:href="#dbefedfaf45743e0b081be027d359ae0" gradientUnits="userSpaceOnUse" gradientTransform="translate(-381.00001,-85.899192)" p:name="linearGradient55484" id="c7d547a75b9a427887de9a1ae466c43a"/>
                <linearGradient p:name="linearGradient2237" id="3da61c88ae0e47dc9591c5d37924bcc0">
                  <stop style="stop-color:#0080c3;stop-opacity:1" offset="0" p:name="stop2239" id="a9d36aa0b5c84ee7bb747c4952fcda18"/>
                  <stop style="stop-color:#28a2e1;stop-opacity:1" offset="0.57124019" p:name="stop2268" id="7a628ccc563e4ec398c004427d28211c"/>
                  <stop style="stop-color:#3cb3f0;stop-opacity:1" offset="0.74453777" p:name="stop2270" id="5abd058bf6ad413baf8333c868792293"/>
                  <stop style="stop-color:#51c4ff;stop-opacity:1" offset="1" p:name="stop2241" id="2f62191632014c109a9e2576d9e67b2f"/>
                </linearGradient>
                <linearGradient x1="439.5" y1="104" x2="439.5" y2="88" xmlns:xlink="http://www.w3.org/1999/xlink" xlink:href="#3da61c88ae0e47dc9591c5d37924bcc0" gradientUnits="userSpaceOnUse" gradientTransform="translate(-381.00001,-85.899192)" p:name="linearGradient57450" id="11361f29662847668f327e6a64db6331"/>
              </defs>
              <rect style="color:#000000;fill:#ffffff;fill-opacity:1;fill-rule:nonzero;stroke:#a19685;stroke-width:1;stroke-linecap:round;stroke-linejoin:round;marker:none;marker-start:none;marker-mid:none;marker-end:none;stroke-miterlimit:4;stroke-dasharray:none;stroke-dashoffset:0;stroke-opacity:1;visibility:visible;display:inline;overflow:visible;enable-background:accumulate" width="153" height="20" x="0.5" y="0.5" rx="3" ry="3" p:name="rect" id="617c7901f702434dbbceeff6bbebdb4c"/>
              <text xml:space="preserve" style="font-size: 17px; font-style: normal; font-weight: normal; text-align: left; text-anchor: start; dominant-baseline: central; fill: rgb(0, 0, 0); font-family: &quot;Gill Sans MT Condensed&quot;; fill-opacity: 1; text-decoration: none;" x="4.5048509" y="14.894419" p:name="text" id="b9011774b63646ada9c3c2b0aef6b8d0" transform="translate(1,-4)">Nom d'utilisateur</text>
              <path d="M 152.7,1.3360847 L 3.4959684,1.3360847 C 2.0817584,1.2771647 1.1978687,2.5825147 1.3746487,3.9378047 L 1.3746487,19.3" style="opacity: 0.273632; fill: none; fill-rule: evenodd; stroke: rgb(109, 109, 109); stroke-width: 1px; stroke-linecap: butt; stroke-linejoin: miter; stroke-opacity: 1; visibility: visible;" p:name="path" id="00c763e125af46f39b60876ed22ca59e"/>
        </g><g xmlns="http://www.w3.org/2000/svg" xmlns:p="http://www.evolus.vn/Namespace/Pencil" p:type="Shape" p:def="Evolus.GTK.Widgets:TextBox" id="31b660f50bce42d2a68ae7a48c195ae0" transform="matrix(1,0,0,1,1220,15)" p:sizing-ox="1220.5" p:sizing-oy="15.390625" p:sizing-ow="154" p:sizing-oh="21"><p:metadata><p:property name="box"><![CDATA[154,21]]></p:property><p:property name="disabled"><![CDATA[false]]></p:property><p:property name="text"><![CDATA[*******]]></p:property><p:property name="textColor"><![CDATA[#000000FF]]></p:property><p:property name="textFont"><![CDATA[Gill Sans MT Condensed|normal|normal|17px|none]]></p:property><p:property name="textAlign"><![CDATA[0,1]]></p:property></p:metadata>
              <defs p:name="defs2659" id="f90d25bbeee849279d29219d17f2cb23">
                <linearGradient p:name="linearGradient31435" id="a762ae2819214ca1a8f4a7cd4a7e0d91">
                  <stop style="stop-color:#bab4a7;stop-opacity:1" offset="0" p:name="stop31437" id="070a21bf8e6643e0a22398b73f0ff52e"/>
                  <stop style="stop-color:#bab4a8;stop-opacity:1" offset="0.30131003" p:name="stop31439" id="4bc919ce4ef1451ea3cfa3a6d59c0767"/>
                  <stop style="stop-color:#d6cec0;stop-opacity:1" offset="1" p:name="stop31441" id="def886933cae443aa087d1de06b178fd"/>
                </linearGradient>
                <linearGradient xmlns:xlink="http://www.w3.org/1999/xlink" x1="503" y1="106" x2="503" y2="86" xlink:href="#a762ae2819214ca1a8f4a7cd4a7e0d91" gradientUnits="userSpaceOnUse" gradientTransform="translate(-381.00001,-85.899192)" p:name="linearGradient55484" id="a572a236022149aca53c7eef1f5ca84f"/>
                <linearGradient p:name="linearGradient2237" id="4a9357103a4645c28b542250b8f2b3f1">
                  <stop style="stop-color:#0080c3;stop-opacity:1" offset="0" p:name="stop2239" id="aa5d59ccc9c742dea1d7f5127a341f53"/>
                  <stop style="stop-color:#28a2e1;stop-opacity:1" offset="0.57124019" p:name="stop2268" id="6a6a5f07160045e19813d6f09805a77f"/>
                  <stop style="stop-color:#3cb3f0;stop-opacity:1" offset="0.74453777" p:name="stop2270" id="4263f2f19a1e4efdb5b36132f94dfdb4"/>
                  <stop style="stop-color:#51c4ff;stop-opacity:1" offset="1" p:name="stop2241" id="a4b7ba33dedf49ebaf4c1b1c09cd7afa"/>
                </linearGradient>
                <linearGradient xmlns:xlink="http://www.w3.org/1999/xlink" x1="439.5" y1="104" x2="439.5" y2="88" xlink:href="#4a9357103a4645c28b542250b8f2b3f1" gradientUnits="userSpaceOnUse" gradientTransform="translate(-381.00001,-85.899192)" p:name="linearGradient57450" id="52b28279967f41f4b0a9900cd02a7c36"/>
              </defs>
              <rect style="color:#000000;fill:#ffffff;fill-opacity:1;fill-rule:nonzero;stroke:#a19685;stroke-width:1;stroke-linecap:round;stroke-linejoin:round;marker:none;marker-start:none;marker-mid:none;marker-end:none;stroke-miterlimit:4;stroke-dasharray:none;stroke-dashoffset:0;stroke-opacity:1;visibility:visible;display:inline;overflow:visible;enable-background:accumulate" width="153" height="20" x="0.5" y="0.5" rx="3" ry="3" p:name="rect" id="81e1f195ef2c47d695d1ec7d2ddedc4c"/>
              <text xml:space="preserve" style="font-size: 17px; font-style: normal; font-weight: normal; text-align: left; text-anchor: start; dominant-baseline: central; fill: rgb(0, 0, 0); font-family: &quot;Gill Sans MT Condensed&quot;; fill-opacity: 1; text-decoration: none;" x="4.5048509" y="14.894419" p:name="text" id="8bd48768bd1847b3bffb57e22b61441e" transform="translate(1,-4)">*******</text>
              <path d="M 152.7,1.3360847 L 3.4959684,1.3360847 C 2.0817584,1.2771647 1.1978687,2.5825147 1.3746487,3.9378047 L 1.3746487,19.3" style="opacity: 0.273632; fill: none; fill-rule: evenodd; stroke: rgb(109, 109, 109); stroke-width: 1px; stroke-linecap: butt; stroke-linejoin: miter; stroke-opacity: 1; visibility: visible;" p:name="path" id="71bd00b6d34243348c699852bea5953e"/>
        </g><g p:type="Shape" p:def="Evolus.GTK.Widgets:Button" id="dfc5da1616634172a48e8298ef1ea6d0" transform="matrix(1,0,0,1,1381,12)" p:sizing-ox="1381.5" p:sizing-oy="12.5" p:sizing-ow="42" p:sizing-oh="25"><p:metadata><p:property name="box"><![CDATA[42,25]]></p:property><p:property name="buttonText"><![CDATA[OK]]></p:property><p:property name="textColor"><![CDATA[#000000FF]]></p:property><p:property name="textFont"><![CDATA[Liberation Sans|normal|normal|12px|none]]></p:property><p:property name="textAlign"><![CDATA[1,1]]></p:property><p:property name="disabled"><![CDATA[false]]></p:property></p:metadata>
            
            <defs>
                <linearGradient x1="0%" y1="0%" x2="0%" y2="100%" p:name="linearFill" id="f4ba0256d2934856a6760f4dfa2efea2">
                    <stop style="stop-color:#fdfdfc;stop-opacity:1" offset="0" p:name="stop1" id="1ac3f5abd0ea4e87aa272e1a9a987b13"/>
                    <stop style="stop-color: rgb(235, 235, 235); stop-opacity: 1;" offset="0.7" p:name="stop2" id="ed22d1ca41534964aef5f44d0d46092a"/>
                    <stop style="stop-color: rgb(252, 252, 252); stop-opacity: 1;" offset="1" p:name="stop3" id="a589b8f699e44533bd8c803419d9c5bf"/>
                </linearGradient>
            </defs>
            <rect width="41" height="24" rx="3" ry="3" x="0.5" y="0.5" style="fill: url(&quot;#f4ba0256d2934856a6760f4dfa2efea2&quot;); stroke: rgb(161, 150, 133); stroke-width: 1; stroke-linejoin: round; stroke-opacity: 1;" p:name="rect" id="8910405b30d34c0b9d39efda4fd0048a"/>
            <text x="31.5" y="17.25" style="font-size: 12px; font-style: normal; font-weight: normal; text-align: left; text-anchor: start; dominant-baseline: central; fill: rgb(0, 0, 0); font-family: &quot;Liberation Sans&quot;; fill-opacity: 1; text-decoration: none;" xml:space="preserve" p:name="text" id="dfcd46bba7e04e9c97a24766171bef54" transform="translate(-19,-5)">OK</text>
        </g><g p:type="Group" transform="matrix(1,0,0,1,1438,11)" id="8097f3dabfd44ffcabd1d9c73a58a37e" p:sizing-gow="139" p:sizing-goh="29" p:sizing-ox="1438" p:sizing-oy="11" p:sizing-ow="130" p:sizing-oh="27"><g p:type="Shape" p:def="Evolus.Common:RectWithGradient" id="7048cdd948cb4481b87f68dd3bcd1e66" transform="matrix(1,0,0,1,0,0)" p:sizing-ox="0" p:sizing-oy="0" p:sizing-ow="139" p:sizing-oh="29"><p:metadata><p:property name="box"><![CDATA[130,26]]></p:property><p:property name="withBlur"><![CDATA[false]]></p:property><p:property name="radius"><![CDATA[0,0]]></p:property><p:property name="textPadding"><![CDATA[0,1.625]]></p:property><p:property name="startFillColor"><![CDATA[#2F5F8FFF]]></p:property><p:property name="endFillColor"><![CDATA[#54AAFFFF]]></p:property><p:property name="strokeColor"><![CDATA[#1B3280FF]]></p:property><p:property name="strokeStyle"><![CDATA[2|]]></p:property><p:property name="textContent"><![CDATA[
                ]]></p:property><p:property name="textFont"><![CDATA["Liberation Sans",Arial,sans-serif|normal|normal|13px|none]]></p:property><p:property name="textColor"><![CDATA[#000000FF]]></p:property><p:property name="textAlign"><![CDATA[1,1]]></p:property></p:metadata>

            <defs>
                <linearGradient x1="0%" y1="0%" x2="0%" y2="100%" p:name="linearFill" id="6bfa32c4fda441cdaf2af39705f7e6e0">
                    <stop style="stop-color: rgb(47, 95, 143); stop-opacity: 1;" offset="0" p:name="stop1" id="3d83d85e4bbf4c1e9fca3a9368dfd424"/>
                    <stop style="stop-color: rgb(84, 170, 255); stop-opacity: 1;" offset="1" p:name="stop2" id="a091843813034c55b77abff4078ef5b1"/>
                </linearGradient>
                <rect width="130" height="26" rx="0" ry="0" x="0" y="0" style="stroke-width: 2; fill: url(&quot;#6bfa32c4fda441cdaf2af39705f7e6e0&quot;); stroke: rgb(27, 50, 128); stroke-opacity: 1;" p:name="rrRect" id="ec6b832685a641eda50f44199f65062b" transform="translate(0,0)"/>
                <filter height="1.2558399" y="-0.12792" width="1.06396" x="-0.03198" p:name="shadingFilter" id="9b5dfa3dafb54b8787067439b712daf6">
                    <feGaussianBlur stdDeviation="1" in="SourceAlpha"/>
                </filter>
            </defs>
            <use xmlns:xlink="http://www.w3.org/1999/xlink" xlink:href="#ec6b832685a641eda50f44199f65062b" transform="translate(2, 2)" p:filter="url(#9b5dfa3dafb54b8787067439b712daf6)" style="opacity: 0.5; visibility: hidden; display: none;" p:heavy="true" p:name="bgCopy" id="21f07ded70dd4d17bf99dfa55c2d073f"/>
            <use xmlns:xlink="http://www.w3.org/1999/xlink" xlink:href="#ec6b832685a641eda50f44199f65062b"/>
            <foreignObject x="1.625" y="13" width="126.75" height="0" p:name="text" id="3822a62f6cf54050b4ec1632fa1217eb" style="font-family: &quot;Liberation Sans&quot;, Arial, sans-serif; font-size: 13px; font-weight: normal; font-style: normal; text-decoration: none; color: rgb(0, 0, 0); text-align: center;"><div xmlns="http://www.w3.org/1999/xhtml">
                </div></foreignObject>
        </g><g p:type="Shape" p:def="Evolus.Common:RichTextBoxV2" id="501f98ae8e2a4351831a7fa654e2aa0b" transform="matrix(1,0,0,1,38,2)" p:sizing-ox="41" p:sizing-oy="2" p:sizing-ow="57" p:sizing-oh="25"><p:metadata><p:property name="width"><![CDATA[200,0]]></p:property><p:property name="fixedWidth"><![CDATA[false]]></p:property><p:property name="textContent"><![CDATA[<span xmlns="http://www.w3.org/1999/xhtml" style="font-family: &quot;Gill Sans MT Condensed&quot;; font-size: 1.4em; color: rgb(255, 255, 255);">S'inscrire ?</span>]]></p:property><p:property name="textFont"><![CDATA["Liberation Sans",Arial,sans-serif|normal|normal|13px|none]]></p:property><p:property name="textColor"><![CDATA[#000000FF]]></p:property><p:property name="customStyle"><![CDATA[
                ]]></p:property></p:metadata>

            <foreignObject x="0" y="0" width="57" height="25" p:name="htmlObject" id="c862e79fabdb435badfc9b50eae3fd3e" style="color: rgb(0, 0, 0); font-family: &quot;Liberation Sans&quot;, Arial, sans-serif; font-size: 13px; font-weight: normal; font-style: normal; text-decoration: none;">
                <div xmlns="http://www.w3.org/1999/xhtml" p:name="textDiv" id="5c57ea07349840d48cf5ccada39581de" style="display: inline-block; white-space: nowrap; text-decoration: none;"><div xmlns="http://www.w3.org/1999/xhtml"><span xmlns="http://www.w3.org/1999/xhtml" style="font-family: &quot;Gill Sans MT Condensed&quot;; font-size: 1.4em; color: rgb(255, 255, 255);">S'inscrire ?</span></div></div>
            </foreignObject>
        </g></g></g>
		</p:Content>
	</p:Group>
<p:Group p:Id="url_1547823560015" p:Name="URL" p:Icon="data:image/png;base64,iVBORw0KGgoAAAANSUhEUgAAAEQAAAAHCAYAAACx3+twAAAAF0lEQVRIiWNgGAWjYBSMglEwCkYBnQAAB3cAAWzOPBsAAAAASUVORK5CYII=">
		<p:Content>
			<g xmlns="http://www.w3.org/2000/svg" xmlns:p="http://www.evolus.vn/Namespace/Pencil" p:type="Group" transform="matrix(1,0,0,1,-1,0)" id="976e84116c134bf6b1bb83a49e98faa7" p:sizing-gow="1596" p:sizing-goh="73" p:sizing-ox="4" p:sizing-oy="0" p:sizing-ow="1596" p:sizing-oh="73"><g xmlns="http://www.w3.org/2000/svg" p:type="Shape" p:def="Evolus.Common:RoundedRect" id="1c99e4e89f02453aa25dd79ab5114afb" transform="matrix(1,0,0,1,-1,-1)" p:sizing-ox="0" p:sizing-oy="0" p:sizing-ow="1598" p:sizing-oh="75"><p:metadata><p:property name="box"><![CDATA[1598,75]]></p:property><p:property name="withBlur"><![CDATA[false]]></p:property><p:property name="radius"><![CDATA[0,0]]></p:property><p:property name="textPadding"><![CDATA[0,9.375]]></p:property><p:property name="fillColor"><![CDATA[#C0C0C0FF]]></p:property><p:property name="strokeColor"><![CDATA[#1B3280FF]]></p:property><p:property name="strokeStyle"><![CDATA[2|]]></p:property><p:property name="textContent"><![CDATA[
                ]]></p:property><p:property name="textFont"><![CDATA["Liberation Sans",Arial,sans-serif|normal|normal|13px|none]]></p:property><p:property name="textColor"><![CDATA[#000000FF]]></p:property><p:property name="textAlign"><![CDATA[1,1]]></p:property></p:metadata>

            <defs>
                <rect width="1596" height="73" rx="0" ry="0" x="0" y="0" style="stroke-width: 2; fill: rgb(192, 192, 192); fill-opacity: 1; stroke: rgb(27, 50, 128); stroke-opacity: 1;" p:name="rrRect" id="ded5baea3b0140cca0f71be220bfaa96" transform="translate(1,1)"/>
                <filter height="1.2558399" y="-0.12792" width="1.06396" x="-0.03198" p:name="shadingFilter" id="4063c74bc84f4e85ac1837c7868a2b29">
                    <feGaussianBlur stdDeviation="1" in="SourceAlpha"/>
                </filter>
            </defs>
            <use xmlns:xlink="http://www.w3.org/1999/xlink" xlink:href="#ded5baea3b0140cca0f71be220bfaa96" transform="translate(2, 2)" p:filter="url(#4063c74bc84f4e85ac1837c7868a2b29)" style="opacity: 0.5; visibility: hidden; display: none;" p:heavy="true" p:name="bgCopy" id="d2bf0ab92c114247a4ac85ba94b5a0c2"/>
            <use xmlns:xlink="http://www.w3.org/1999/xlink" xlink:href="#ded5baea3b0140cca0f71be220bfaa96"/>
            <foreignObject x="9.375" y="38" width="1579.25" height="0" p:name="text" id="3a2f9f016f9f463986bc27c054ba4891" style="font-family: &quot;Liberation Sans&quot;, Arial, sans-serif; font-size: 13px; font-weight: normal; font-style: normal; text-decoration: none; fill: rgb(0, 0, 0); fill-opacity: 1; color: rgb(0, 0, 0); text-align: center;"><div xmlns="http://www.w3.org/1999/xhtml">
                </div></foreignObject>
        </g><g xmlns="http://www.w3.org/2000/svg" p:type="Shape" p:def="Evolus.Common:RoundedRect" id="94a8b8eb78914a3ba1213472e8a80487" transform="matrix(1,0,0,1,40,9)" p:sizing-ox="41" p:sizing-oy="10" p:sizing-ow="1485" p:sizing-oh="54"><p:metadata><p:property name="box"><![CDATA[1485,54]]></p:property><p:property name="withBlur"><![CDATA[false]]></p:property><p:property name="radius"><![CDATA[0,0]]></p:property><p:property name="textPadding"><![CDATA[0,6.75]]></p:property><p:property name="fillColor"><![CDATA[#FFFFFFFF]]></p:property><p:property name="strokeColor"><![CDATA[#1B3280FF]]></p:property><p:property name="strokeStyle"><![CDATA[2|]]></p:property><p:property name="textContent"><![CDATA[
                ]]></p:property><p:property name="textFont"><![CDATA["Liberation Sans",Arial,sans-serif|normal|normal|13px|none]]></p:property><p:property name="textColor"><![CDATA[#000000FF]]></p:property><p:property name="textAlign"><![CDATA[1,1]]></p:property></p:metadata>

            <defs>
                <rect width="1483" height="52" rx="0" ry="0" x="0" y="0" style="stroke-width: 2; fill: rgb(255, 255, 255); fill-opacity: 1; stroke: rgb(27, 50, 128); stroke-opacity: 1;" p:name="rrRect" id="554931de5c164cc9a28886828849166b" transform="translate(1,1)"/>
                <filter height="1.2558399" y="-0.12792" width="1.06396" x="-0.03198" p:name="shadingFilter" id="ef4d85adf7cb4dc18efc4b98fe003a73">
                    <feGaussianBlur stdDeviation="1" in="SourceAlpha"/>
                </filter>
            </defs>
            <use xmlns:xlink="http://www.w3.org/1999/xlink" xlink:href="#554931de5c164cc9a28886828849166b" transform="translate(2, 2)" p:filter="url(#ef4d85adf7cb4dc18efc4b98fe003a73)" style="opacity: 0.5; visibility: hidden; display: none;" p:heavy="true" p:name="bgCopy" id="918d61fe4545446291497d31fb310b2c"/>
            <use xmlns:xlink="http://www.w3.org/1999/xlink" xlink:href="#554931de5c164cc9a28886828849166b"/>
            <foreignObject x="6.75" y="27" width="1471.5" height="0" p:name="text" id="249ba334e26949878b2559b10aaddf44" style="font-family: &quot;Liberation Sans&quot;, Arial, sans-serif; font-size: 13px; font-weight: normal; font-style: normal; text-decoration: none; fill: rgb(0, 0, 0); fill-opacity: 1; color: rgb(0, 0, 0); text-align: center;"><div xmlns="http://www.w3.org/1999/xhtml">
                </div></foreignObject>
        </g><g xmlns="http://www.w3.org/2000/svg" p:type="Shape" p:def="Evolus.BasicWebElements:htmlLink" id="0176d515875b41198a0abe130bc23566" transform="matrix(1,0,0,1,89,21)" p:sizing-ox="89" p:sizing-oy="21" p:sizing-ow="108" p:sizing-oh="18"><p:metadata><p:property name="textContent"><![CDATA[https://BDE.cesi.fr]]></p:property><p:property name="textFont"><![CDATA["Liberation Sans",Arial,sans-serif|normal|normal|13px|none]]></p:property><p:property name="textColor"><![CDATA[#0000FFFF]]></p:property><p:property name="customStyle"><![CDATA[]]></p:property></p:metadata>

            <foreignObject x="0" y="0" width="108" height="18" p:name="htmlObject" id="216c9ab6f6194d94ab3beeb3e23aede5" style="color: rgb(0, 0, 255); font-family: &quot;Liberation Sans&quot;, Arial, sans-serif; font-size: 13px; font-weight: normal; font-style: normal; text-decoration: none;">
                <div xmlns="http://www.w3.org/1999/xhtml" p:name="textDiv" id="e46f670d50544ea4b94988cd6be9a65e" style="white-space: nowrap; text-decoration: underline; display: inline-block !important; "><div xmlns="http://www.w3.org/1999/xhtml">https://BDE.cesi.fr</div></div>
            </foreignObject>
        </g></g>
		</p:Content>
	</p:Group>
<p:Group p:Id="footer_1547823567437" p:Name="footer" p:Icon="data:image/png;base64,iVBORw0KGgoAAAANSUhEUgAAAEQAAAAGCAYAAAB6gzjVAAAAFUlEQVQ4jWNgGAWjYBSMglEwCmgFAAZmAAHP9283AAAAAElFTkSuQmCC">
		<p:Content>
			<g xmlns="http://www.w3.org/2000/svg" xmlns:p="http://www.evolus.vn/Namespace/Pencil" p:type="Group" transform="matrix(1,0,0,1,-1,805)" id="df09daa247f6417baa99f002cce65d95" p:sizing-gow="930" p:sizing-goh="43" p:sizing-ox="4" p:sizing-oy="805" p:sizing-ow="1596" p:sizing-oh="55"><g p:type="Shape" p:def="Evolus.Common:RoundedRect" id="1b67a702d04741f1b3cd6788e6ca642e" transform="matrix(1,0,0,1,-1,-1)" p:sizing-ox="0" p:sizing-oy="0" p:sizing-ow="931.9999999999999" p:sizing-oh="45.00000000000001"><p:metadata><p:property name="box"><![CDATA[1598,57]]></p:property><p:property name="withBlur"><![CDATA[false]]></p:property><p:property name="radius"><![CDATA[0,0]]></p:property><p:property name="textPadding"><![CDATA[0,7.125]]></p:property><p:property name="fillColor"><![CDATA[#2F2BFFFF]]></p:property><p:property name="strokeColor"><![CDATA[#1B3280FF]]></p:property><p:property name="strokeStyle"><![CDATA[2|]]></p:property><p:property name="textContent"><![CDATA[
                ]]></p:property><p:property name="textFont"><![CDATA["Liberation Sans",Arial,sans-serif|normal|normal|13px|none]]></p:property><p:property name="textColor"><![CDATA[#000000FF]]></p:property><p:property name="textAlign"><![CDATA[1,1]]></p:property></p:metadata>

            <defs>
                <rect width="1596" height="55" rx="0" ry="0" x="0" y="0" style="stroke-width: 2; fill: rgb(47, 43, 255); fill-opacity: 1; stroke: rgb(27, 50, 128); stroke-opacity: 1;" p:name="rrRect" id="642dda8dc2594f6eb97424a8876bc9c3" transform="translate(1,1)"/>
                <filter height="1.2558399" y="-0.12792" width="1.06396" x="-0.03198" p:name="shadingFilter" id="280358649c394f1382055b10e11bb701">
                    <feGaussianBlur stdDeviation="1" in="SourceAlpha"/>
                </filter>
            </defs>
            <use xmlns:xlink="http://www.w3.org/1999/xlink" xlink:href="#642dda8dc2594f6eb97424a8876bc9c3" transform="translate(2, 2)" p:filter="url(#280358649c394f1382055b10e11bb701)" style="opacity: 0.5; visibility: hidden; display: none;" p:heavy="true" p:name="bgCopy" id="6ad6811d243a4b72ae8935906e762c3b"/>
            <use xmlns:xlink="http://www.w3.org/1999/xlink" xlink:href="#642dda8dc2594f6eb97424a8876bc9c3"/>
            <foreignObject x="7.125" y="29" width="1583.75" height="0" p:name="text" id="c5402fc7e0ce4d9aa263fee2d3af3f1e" style="font-family: &quot;Liberation Sans&quot;, Arial, sans-serif; font-size: 13px; font-weight: normal; font-style: normal; text-decoration: none; fill: rgb(0, 0, 0); fill-opacity: 1; color: rgb(0, 0, 0); text-align: center;"><div xmlns="http://www.w3.org/1999/xhtml">
                </div></foreignObject>
        </g><g p:type="Shape" p:def="Evolus.Common:PlainTextV3" id="ac1555c2b0a64da0a5b695a404a0e3a5" transform="matrix(1,0,0,1,964,19)" p:sizing-ox="562" p:sizing-oy="13.609375" p:sizing-ow="349" p:sizing-oh="15"><p:metadata><p:property name="disabled"><![CDATA[false]]></p:property><p:property name="width"><![CDATA[100,0]]></p:property><p:property name="fixedWidth"><![CDATA[false]]></p:property><p:property name="label"><![CDATA[Confidentialité et cookies Conditions générales Accessibilité]]></p:property><p:property name="textColor"><![CDATA[#000000FF]]></p:property><p:property name="textFont"><![CDATA["Liberation Sans",Arial,sans-serif|normal|normal|13px|none]]></p:property><p:property name="textAlign"><![CDATA[0,0]]></p:property><p:property name="fillColor"><![CDATA[#2F2BFFFF]]></p:property></p:metadata>
            <rect x="0" y="0" style="fill: none; stroke: none; visibility: hidden; display: none;" p:name="bgRect" id="3bb265a1e61e4f609eec0e71dadfebf8" width="349" height="15"/>
            <text xml:space="preserve" dominant-baseline="hanging" p:name="text" id="68cfbafcc88e4bea80d4e0aa0f85912b" style="fill: rgb(0, 0, 0); fill-opacity: 1; font-family: &quot;Liberation Sans&quot;, Arial, sans-serif; font-size: 13px; font-weight: normal; font-style: normal; text-decoration: none;"><tspan x="0" y="0">Confidentialité et cookies Conditions générales Accessibilité</tspan></text>
        </g></g>
		</p:Content>
	</p:Group>
</p:Groups>
</p:Collection>
</p:Collections>